identifier,title,abstract,authors,published,url,source,input_format,input_url,categories,doi,arxiv_id
arxiv:2111.05095v1,Speaker Generation,"This work explores the task of synthesizing speech in nonexistent human-sounding voices. We call this task ""speaker generation"", and present TacoSpawn, a system that performs competitively at this task. TacoSpawn is a recurrent attention-based text-to-speech model that learns a distribution over a speaker embedding space, which enables sampling of novel and diverse speakers. Our method is easy to implement, and does not require transfer learning from speaker ID systems. We present objective and subjective metrics for evaluating performance on this task, and demonstrate that our proposed objective metrics correlate with human perception of speaker similarity. Audio samples are available on our demo page.",Daisy Stanton|Matt Shannon|Soroosh Mariooryad|RJ Skerry-Ryan|Eric Battenberg|Tom Bagby|David Kao,2021-11-07T22:31:41+00:00,https://arxiv.org/abs/2111.05095v1,arxiv,pdf,https://arxiv.org/pdf/2111.05095v1,cs.CL|cs.LG|cs.SD|eess.AS,,2111.05095v1
arxiv:2210.09916v1,Mid-attribute speaker generation using optimal-transport-based interpolation of Gaussian mixture models,"In this paper, we propose a method for intermediating multiple speakers' attributes and diversifying their voice characteristics in ``speaker generation,'' an emerging task that aims to synthesize a nonexistent speaker's naturally sounding voice. The conventional TacoSpawn-based speaker generation method represents the distributions of speaker embeddings by Gaussian mixture models (GMMs) conditioned with speaker attributes. Although this method enables the sampling of various speakers from the speaker-attribute-aware GMMs, it is not yet clear whether the learned distributions can represent speakers with an intermediate attribute (i.e., mid-attribute). To this end, we propose an optimal-transport-based method that interpolates the learned GMMs to generate nonexistent speakers with mid-attribute (e.g., gender-neutral) voices. We empirically validate our method and evaluate the naturalness of synthetic speech and the controllability of two speaker attributes: gender and language fluency. The evaluation results show that our method can control the generated speakers' attributes by a continuous scalar value without statistically significant degradation of speech naturalness.",Aya Watanabe|Shinnosuke Takamichi|Yuki Saito|Detai Xin|Hiroshi Saruwatari,2022-10-18T14:59:25+00:00,https://arxiv.org/abs/2210.09916v1,arxiv,pdf,https://arxiv.org/pdf/2210.09916v1,cs.SD|eess.AS,,2210.09916v1
arxiv:2211.09407v1,NANSY++: Unified Voice Synthesis with Neural Analysis and Synthesis,"Various applications of voice synthesis have been developed independently despite the fact that they generate ""voice"" as output in common. In addition, most of the voice synthesis models still require a large number of audio data paired with annotated labels (e.g., text transcription and music score) for training. To this end, we propose a unified framework of synthesizing and manipulating voice signals from analysis features, dubbed NANSY++. The backbone network of NANSY++ is trained in a self-supervised manner that does not require any annotations paired with audio. After training the backbone network, we efficiently tackle four voice applications - i.e. voice conversion, text-to-speech, singing voice synthesis, and voice designing - by partially modeling the analysis features required for each task. Extensive experiments show that the proposed framework offers competitive advantages such as controllability, data efficiency, and fast training convergence, while providing high quality synthesis. Audio samples: tinyurl.com/8tnsy3uc.",Hyeong-Seok Choi|Jinhyeok Yang|Juheon Lee|Hyeongju Kim,2022-11-17T08:29:57+00:00,https://arxiv.org/abs/2211.09407v1,arxiv,pdf,https://arxiv.org/pdf/2211.09407v1,cs.SD|eess.AS,,2211.09407v1
arxiv:2309.08140v2,PromptTTS++: Controlling Speaker Identity in Prompt-Based Text-to-Speech Using Natural Language Descriptions,"We propose PromptTTS++, a prompt-based text-to-speech (TTS) synthesis system that allows control over speaker identity using natural language descriptions. To control speaker identity within the prompt-based TTS framework, we introduce the concept of speaker prompt, which describes voice characteristics (e.g., gender-neutral, young, old, and muffled) designed to be approximately independent of speaking style. Since there is no large-scale dataset containing speaker prompts, we first construct a dataset based on the LibriTTS-R corpus with manually annotated speaker prompts. We then employ a diffusion-based acoustic model with mixture density networks to model diverse speaker factors in the training data. Unlike previous studies that rely on style prompts describing only a limited aspect of speaker individuality, such as pitch, speaking speed, and energy, our method utilizes an additional speaker prompt to effectively learn the mapping from natural language descriptions to the acoustic features of diverse speakers. Our subjective evaluation results show that the proposed method can better control speaker characteristics than the methods without the speaker prompt. Audio samples are available at https://reppy4620.github.io/demo.promptttspp/.",Reo Shimizu|Ryuichi Yamamoto|Masaya Kawamura|Yuma Shirahata|Hironori Doi|Tatsuya Komatsu|Kentaro Tachibana,2023-09-15T04:11:37+00:00,https://arxiv.org/abs/2309.08140v2,arxiv,pdf,https://arxiv.org/pdf/2309.08140v2,cs.CL|cs.LG|cs.SD|eess.AS,,2309.08140v2
arxiv:2309.14094v1,VoiceLens: Controllable Speaker Generation and Editing with Flow,"Currently, many multi-speaker speech synthesis and voice conversion systems address speaker variations with an embedding vector. Modeling it directly allows new voices outside of training data to be synthesized. GMM based approaches such as Tacospawn are favored in literature for this generation task, but there are still some limitations when difficult conditionings are involved. In this paper, we propose VoiceLens, a semi-supervised flow-based approach, to model speaker embedding distributions for multi-conditional speaker generation. VoiceLens maps speaker embeddings into a combination of independent attributes and residual information. It allows new voices associated with certain attributes to be \textit{generated} for existing TTS models, and attributes of known voices to be meaningfully \textit{edited}. We show in this paper, VoiceLens displays an unconditional generation capacity that is similar to Tacospawn while obtaining higher controllability and flexibility when used in a conditional manner. In addition, we show synthesizing less noisy speech from known noisy speakers without re-training the TTS model is possible via solely editing their embeddings with a SNR conditioned VoiceLens model. Demos are available at sos1sos2sixteen.github.io/voicelens.",Yao Shi|Ming Li,2023-09-25T12:37:03+00:00,https://arxiv.org/abs/2309.14094v1,arxiv,pdf,https://arxiv.org/pdf/2309.14094v1,cs.SD|eess.AS,,2309.14094v1
arxiv:2406.16314v1,DreamVoice: Text-Guided Voice Conversion,"Generative voice technologies are rapidly evolving, offering opportunities for more personalized and inclusive experiences. Traditional one-shot voice conversion (VC) requires a target recording during inference, limiting ease of usage in generating desired voice timbres. Text-guided generation offers an intuitive solution to convert voices to desired ""DreamVoices"" according to the users' needs. Our paper presents two major contributions to VC technology: (1) DreamVoiceDB, a robust dataset of voice timbre annotations for 900 speakers from VCTK and LibriTTS. (2) Two text-guided VC methods: DreamVC, an end-to-end diffusion-based text-guided VC model; and DreamVG, a versatile text-to-voice generation plugin that can be combined with any one-shot VC models. The experimental results demonstrate that our proposed methods trained on the DreamVoiceDB dataset generate voice timbres accurately aligned with the text prompt and achieve high-quality VC.",Jiarui Hai|Karan Thakkar|Helin Wang|Zengyi Qin|Mounya Elhilali,2024-06-24T04:46:50+00:00,https://arxiv.org/abs/2406.16314v1,arxiv,pdf,https://arxiv.org/pdf/2406.16314v1,eess.AS,,2406.16314v1
arxiv:2407.00766v1,An Attribute Interpolation Method in Speech Synthesis by Model Merging,"With the development of speech synthesis, recent research has focused on challenging tasks, such as speaker generation and emotion intensity control. Attribute interpolation is a common approach to these tasks. However, most previous methods for attribute interpolation require specific modules or training methods. We propose an attribute interpolation method in speech synthesis by model merging. Model merging is a method that creates new parameters by only averaging the parameters of base models. The merged model can generate an output with an intermediate feature of the base models. This method is easily applicable without specific modules or training methods, as it uses only existing trained base models. We merged two text-to-speech models to achieve attribute interpolation and evaluated its performance on speaker generation and emotion intensity control tasks. As a result, our proposed method achieved smooth attribute interpolation while keeping the linguistic content in both tasks.",Masato Murata|Koichi Miyazaki|Tomoki Koriyama,2024-06-30T17:01:36+00:00,https://arxiv.org/abs/2407.00766v1,arxiv,pdf,https://arxiv.org/pdf/2407.00766v1,cs.SD|eess.AS,,2407.00766v1
arxiv:2412.06581v3,EmoSpeech: A Corpus of Emotionally Rich and Contextually Detailed Speech Annotations,"Advances in text-to-speech (TTS) technology have significantly improved the quality of generated speech, closely matching the timbre and intonation of the target speaker. However, due to the inherent complexity of human emotional expression, the development of TTS systems capable of controlling subtle emotional differences remains a formidable challenge. Existing emotional speech databases often suffer from overly simplistic labelling schemes that fail to capture a wide range of emotional states, thus limiting the effectiveness of emotion synthesis in TTS applications. To this end, recent efforts have focussed on building databases that use natural language annotations to describe speech emotions. However, these approaches are costly and require more emotional depth to train robust systems. In this paper, we propose a novel process aimed at building databases by systematically extracting emotion-rich speech segments and annotating them with detailed natural language descriptions through a generative model. This approach enhances the emotional granularity of the database and significantly reduces the reliance on costly manual annotations by automatically augmenting the data with high-level language models. The resulting rich database provides a scalable and economically viable solution for developing a more nuanced and dynamic basis for developing emotionally controlled TTS systems.",Weizhen Bian|Yubo Zhou|Kaitai Zhang|Xiaohan Gu,2024-12-09T15:36:37+00:00,https://arxiv.org/abs/2412.06581v3,arxiv,pdf,https://arxiv.org/pdf/2412.06581v3,cs.AI|cs.SD|eess.AS,,2412.06581v3
arxiv:2412.20048v1,CrossSpeech++: Cross-lingual Speech Synthesis with Decoupled Language and Speaker Generation,"The goal of this work is to generate natural speech in multiple languages while maintaining the same speaker identity, a task known as cross-lingual speech synthesis. A key challenge of cross-lingual speech synthesis is the language-speaker entanglement problem, which causes the quality of cross-lingual systems to lag behind that of intra-lingual systems. In this paper, we propose CrossSpeech++, which effectively disentangles language and speaker information and significantly improves the quality of cross-lingual speech synthesis. To this end, we break the complex speech generation pipeline into two simple components: language-dependent and speaker-dependent generators. The language-dependent generator produces linguistic variations that are not biased by specific speaker attributes. The speaker-dependent generator models acoustic variations that characterize speaker identity. By handling each type of information in separate modules, our method can effectively disentangle language and speaker representation. We conduct extensive experiments using various metrics, and demonstrate that CrossSpeech++ achieves significant improvements in cross-lingual speech synthesis, outperforming existing methods by a large margin.",Ji-Hoon Kim|Hong-Sun Yang|Yoon-Cheol Ju|Il-Hwan Kim|Byeong-Yeol Kim|Joon Son Chung,2024-12-28T06:32:49+00:00,https://arxiv.org/abs/2412.20048v1,arxiv,pdf,https://arxiv.org/pdf/2412.20048v1,cs.AI|cs.SD|eess.AS|eess.SP,,2412.20048v1
arxiv:2501.06394v1,Unispeaker: A Unified Approach for Multimodality-driven Speaker Generation,"Recent advancements in personalized speech generation have brought synthetic speech increasingly close to the realism of target speakers' recordings, yet multimodal speaker generation remains on the rise. This paper introduces UniSpeaker, a unified approach for multimodality-driven speaker generation. Specifically, we propose a unified voice aggregator based on KV-Former, applying soft contrastive loss to map diverse voice description modalities into a shared voice space, ensuring that the generated voice aligns more closely with the input descriptions. To evaluate multimodality-driven voice control, we build the first multimodality-based voice control (MVC) benchmark, focusing on voice suitability, voice diversity, and speech quality. UniSpeaker is evaluated across five tasks using the MVC benchmark, and the experimental results demonstrate that UniSpeaker outperforms previous modality-specific models. Speech samples are available at \url{https://UniSpeaker.github.io}.",Zhengyan Sheng|Zhihao Du|Heng Lu|Shiliang Zhang|Zhen-Hua Ling,2025-01-11T00:47:29+00:00,https://arxiv.org/abs/2501.06394v1,arxiv,pdf,https://arxiv.org/pdf/2501.06394v1,cs.AI|cs.SD|eess.AS,,2501.06394v1
arxiv:2505.07916v1,MiniMax-Speech: Intrinsic Zero-Shot Text-to-Speech with a Learnable Speaker Encoder,"We introduce MiniMax-Speech, an autoregressive Transformer-based Text-to-Speech (TTS) model that generates high-quality speech. A key innovation is our learnable speaker encoder, which extracts timbre features from a reference audio without requiring its transcription. This enables MiniMax-Speech to produce highly expressive speech with timbre consistent with the reference in a zero-shot manner, while also supporting one-shot voice cloning with exceptionally high similarity to the reference voice. In addition, the overall quality of the synthesized audio is enhanced through the proposed Flow-VAE. Our model supports 32 languages and demonstrates excellent performance across multiple objective and subjective evaluations metrics. Notably, it achieves state-of-the-art (SOTA) results on objective voice cloning metrics (Word Error Rate and Speaker Similarity) and has secured the top position on the public TTS Arena leaderboard. Another key strength of MiniMax-Speech, granted by the robust and disentangled representations from the speaker encoder, is its extensibility without modifying the base model, enabling various applications such as: arbitrary voice emotion control via LoRA; text to voice (T2V) by synthesizing timbre features directly from text description; and professional voice cloning (PVC) by fine-tuning timbre features with additional data. We encourage readers to visit https://minimax-ai.github.io/tts_tech_report for more examples.",Bowen Zhang|Congchao Guo|Geng Yang|Hang Yu|Haozhe Zhang|Heidi Lei|Jialong Mai|Junjie Yan|Kaiyue Yang|Mingqi Yang|Peikai Huang|Ruiyang Jin|Sitan Jiang|Weihua Cheng|Yawei Li|Yichen Xiao|Yiying Zhou|Yongmao Zhang|Yuan Lu|Yucen He,2025-05-12T14:25:20+00:00,https://arxiv.org/abs/2505.07916v1,arxiv,pdf,https://arxiv.org/pdf/2505.07916v1,cs.SD|eess.AS,,2505.07916v1
arxiv:2506.05688v3,Voice Impression Control in Zero-Shot TTS,"Para-/non-linguistic information in speech is pivotal in shaping the listeners' impression. Although zero-shot text-to-speech (TTS) has achieved high speaker fidelity, modulating subtle para-/non-linguistic information to control perceived voice characteristics, i.e., impressions, remains challenging. We have therefore developed a voice impression control method in zero-shot TTS that utilizes a low-dimensional vector to represent the intensities of various voice impression pairs (e.g., dark-bright). The results of both objective and subjective evaluations have demonstrated our method's effectiveness in impression control. Furthermore, generating this vector via a large language model enables target-impression generation from a natural language description of the desired impression, thus eliminating the need for manual optimization. Audio examples are available on our demo page (https://ntt-hilab-gensp.github.io/is2025voiceimpression/).",Kenichi Fujita|Shota Horiguchi|Yusuke Ijima,2025-06-06T02:34:29+00:00,https://arxiv.org/abs/2506.05688v3,arxiv,pdf,https://arxiv.org/pdf/2506.05688v3,cs.CL|cs.LG|cs.SD|eess.AS,,2506.05688v3
arxiv:2507.07799v1,SecureSpeech: Prompt-based Speaker and Content Protection,"Given the increasing privacy concerns from identity theft and the re-identification of speakers through content in the speech field, this paper proposes a prompt-based speech generation pipeline that ensures dual anonymization of both speaker identity and spoken content. This is addressed through 1) generating a speaker identity unlinkable to the source speaker, controlled by descriptors, and 2) replacing sensitive content within the original text using a name entity recognition model and a large language model. The pipeline utilizes the anonymized speaker identity and text to generate high-fidelity, privacy-friendly speech via a text-to-speech synthesis model. Experimental results demonstrate an achievement of significant privacy protection while maintaining a decent level of content retention and audio quality. This paper also investigates the impact of varying speaker descriptions on the utility and privacy of generated speech to determine potential biases.",Belinda Soh Hui Hui|Xiaoxiao Miao|Xin Wang,2025-07-10T14:26:28+00:00,https://arxiv.org/abs/2507.07799v1,arxiv,pdf,https://arxiv.org/pdf/2507.07799v1,cs.SD|eess.AS,,2507.07799v1
arxiv:2509.24570v1,ISSE: An Instruction-Guided Speech Style Editing Dataset And Benchmark,"Speech style editing refers to modifying the stylistic properties of speech while preserving its linguistic content and speaker identity. However, most existing approaches depend on explicit labels or reference audio, which limits both flexibility and scalability. More recent attempts to use natural language descriptions remain constrained by oversimplified instructions and coarse style control. To address these limitations, we introduce an Instruction-guided Speech Style Editing Dataset (ISSE). The dataset comprises nearly 400 hours of speech and over 100,000 source-target pairs, each aligned with diverse and detailed textual editing instructions. We also build a systematic instructed speech data generation pipeline leveraging large language model, expressive text-to-speech and voice conversion technologies to construct high-quality paired samples. Furthermore, we train an instruction-guided autoregressive speech model on ISSE and evaluate it in terms of instruction adherence, timbre preservation, and content consistency. Experimental results demonstrate that ISSE enables accurate, controllable, and generalizable speech style editing compared to other datasets. The project page of ISSE is available at https://ychenn1.github.io/ISSE/.",Yun Chen|Qi Chen|Zheqi Dai|Arshdeep Singh|Philip J. B. Jackson|Mark D. Plumbley,2025-09-29T10:27:37+00:00,https://arxiv.org/abs/2509.24570v1,arxiv,pdf,https://arxiv.org/pdf/2509.24570v1,eess.AS,,2509.24570v1
arxiv:2509.25842v1,HiStyle: Hierarchical Style Embedding Predictor for Text-Prompt-Guided Controllable Speech Synthesis,"Controllable speech synthesis refers to the precise control of speaking style by manipulating specific prosodic and paralinguistic attributes, such as gender, volume, speech rate, pitch, and pitch fluctuation. With the integration of advanced generative models, particularly large language models (LLMs) and diffusion models, controllable text-to-speech (TTS) systems have increasingly transitioned from label-based control to natural language description-based control, which is typically implemented by predicting global style embeddings from textual prompts. However, this straightforward prediction overlooks the underlying distribution of the style embeddings, which may hinder the full potential of controllable TTS systems. In this study, we use t-SNE analysis to visualize and analyze the global style embedding distribution of various mainstream TTS systems, revealing a clear hierarchical clustering pattern: embeddings first cluster by timbre and subsequently subdivide into finer clusters based on style attributes. Based on this observation, we propose HiStyle, a two-stage style embedding predictor that hierarchically predicts style embeddings conditioned on textual prompts, and further incorporate contrastive learning to help align the text and audio embedding spaces. Additionally, we propose a style annotation strategy that leverages the complementary strengths of statistical methodologies and human auditory preferences to generate more accurate and perceptually consistent textual prompts for style control. Comprehensive experiments demonstrate that when applied to the base TTS model, HiStyle achieves significantly better style controllability than alternative style embedding predicting approaches while preserving high speech quality in terms of naturalness and intelligibility. Audio samples are available at https://anonymous.4open.science/w/HiStyle-2517/.",Ziyu Zhang|Hanzhao Li|Jingbin Hu|Wenhao Li|Lei Xie,2025-09-30T06:31:12+00:00,https://arxiv.org/abs/2509.25842v1,arxiv,pdf,https://arxiv.org/pdf/2509.25842v1,cs.AI,,2509.25842v1
arxiv:2511.06246v3,IDMap: A Pseudo-Speaker Generator Framework Based on Speaker Identity Index to Vector Mapping,"Facilitated by the speech generation framework that disentangles speech into content, speaker, and prosody, voice anonymization is accomplished by substituting the original speaker embedding vector with that of a pseudo-speaker. In this framework, the pseudo-speaker generation forms a fundamental challenge. Current pseudo-speaker generation methods demonstrate limitations in the uniqueness of pseudo-speakers, consequently restricting their effectiveness in voice privacy protection. Besides, existing model-based methods suffer from heavy computation costs. Especially, in the large-scale scenario where a huge number of pseudo-speakers are generated, the limitations of uniqueness and computational inefficiency become more significant. To this end, this paper proposes a framework for pseudo-speaker generation, which establishes a mapping from speaker identity index to speaker vector in the feedforward architecture, termed IDMap. Specifically, the framework is specified into two models: IDMap-MLP and IDMap-Diff. Experiments were conducted on both small- and large-scale evaluation datasets. Small-scale evaluations on the LibriSpeech dataset validated the effectiveness of the proposed IDMap framework in enhancing the uniqueness of pseudo-speakers, thereby improving voice privacy protection, while at a reduced computational cost. Large-scale evaluations on the MLS and Common Voice datasets further justified the superiority of the IDMap framework regarding the stability of the voice privacy protection capability as the number of pseudo-speakers increased. Audio samples and open-source code can be found in https://github.com/VoicePrivacy/IDMap.",Zeyan Liu|Liping Chen|Kong Aik Lee|Zhenhua Ling,2025-11-09T06:11:30+00:00,https://arxiv.org/abs/2511.06246v3,arxiv,pdf,https://arxiv.org/pdf/2511.06246v3,eess.AS,,2511.06246v3
arxiv:2511.18487v1,InstructAudio: Unified speech and music generation with natural language instruction,"Text-to-speech (TTS) and text-to-music (TTM) models face significant limitations in instruction-based control. TTS systems usually depend on reference audio for timbre, offer only limited text-level attribute control, and rarely support dialogue generation. TTM systems are constrained by input conditioning requirements that depend on expert knowledge annotations. The high heterogeneity of these input control conditions makes them difficult to joint modeling with speech synthesis. Despite sharing common acoustic modeling characteristics, these two tasks have long been developed independently, leaving open the challenge of achieving unified modeling through natural language instructions. We introduce InstructAudio, a unified framework that enables instruction-based (natural language descriptions) control of acoustic attributes including timbre (gender, age), paralinguistic (emotion, style, accent), and musical (genre, instrument, rhythm, atmosphere). It supports expressive speech, music, and dialogue generation in English and Chinese. The model employs joint and single diffusion transformer layers with a standardized instruction-phoneme input format, trained on 50K hours of speech and 20K hours of music data, enabling multi-task learning and cross-modal alignment. Fig. 1 visualizes performance comparisons with mainstream TTS and TTM models, demonstrating that InstructAudio achieves optimal results on most metrics. To our best knowledge, InstructAudio represents the first instruction-controlled framework unifying speech and music generation. Audio samples are available at: https://qiangchunyu.github.io/InstructAudio/",Chunyu Qiang|Kang Yin|Xiaopeng Wang|Yuzhe Liang|Jiahui Zhao|Ruibo Fu|Tianrui Wang|Cheng Gong|Chen Zhang|Longbiao Wang|Jianwu Dang,2025-11-23T15:15:21+00:00,https://arxiv.org/abs/2511.18487v1,arxiv,pdf,https://arxiv.org/pdf/2511.18487v1,cs.AI|cs.CL|cs.SD|eess.AS,,2511.18487v1
arxiv:2601.02753v1,Vclip: Face-based Speaker Generation by Face-voice Association Learning,"This paper discusses the task of face-based speech synthesis, a kind of personalized speech synthesis where the synthesized voices are constrained to perceptually match with a reference face image. Due to the lack of TTS-quality audio-visual corpora, previous approaches suffer from either low synthesis quality or domain mismatch induced by a knowledge transfer scheme. This paper proposes a new approach called Vclip that utilizes the facial-semantic knowledge of the CLIP encoder on noisy audio-visual data to learn the association between face and voice efficiently, achieving 89.63% cross-modal verification AUC score on Voxceleb testset. The proposed method then uses a retrieval-based strategy, combined with GMM-based speaker generation module for a downstream TTS system, to produce probable target speakers given reference images. Experimental results demonstrate that the proposed Vclip system in conjunction with the retrieval step can bridge the gap between face and voice features for face-based speech synthesis. And using the feedback information distilled from downstream TTS helps to synthesize voices that match closely with reference faces. Demos available at sos1sos2sixteen.github.io/vclip.",Yao Shi|Yunfei Xu|Hongbin Suo|Yulong Wan|Haifeng Liu,2026-01-06T06:40:27+00:00,https://arxiv.org/abs/2601.02753v1,arxiv,pdf,https://arxiv.org/pdf/2601.02753v1,eess.AS,,2601.02753v1
arxiv:2601.10629v2,"VoiceSculptor: Your Voice, Designed By You","Despite rapid progress in text-to-speech (TTS), open-source systems still lack truly instruction-following, fine-grained control over core speech attributes (e.g., pitch, speaking rate, age, emotion, and style). We present VoiceSculptor, an open-source unified system that bridges this gap by integrating instruction-based voice design and high-fidelity voice cloning in a single framework. It generates controllable speaker timbre directly from natural-language descriptions, supports iterative refinement via Retrieval-Augmented Generation (RAG), and provides attribute-level edits across multiple dimensions. The designed voice is then rendered into a prompt waveform and fed into a cloning model to enable high-fidelity timbre transfer for downstream speech synthesis. VoiceSculptor achieves open-source state-of-the-art (SOTA) on InstructTTSEval-Zh, and is fully open-sourced, including code and pretrained models, to advance reproducible instruction-controlled TTS research.",Jingbin Hu|Huakang Chen|Linhan Ma|Dake Guo|Qirui Zhan|Wenhao Li|Haoyu Zhang|Kangxiang Xia|Ziyu Zhang|Wenjie Tian|Chengyou Wang|Jinrui Liang|Shuhan Guo|Zihang Yang|Bengu Wu|Binbin Zhang|Pengcheng Zhu|Pengyuan Xie|Chuan Xie|Qiang Zhang|Jie Liu|Lei Xie,2026-01-15T17:49:15+00:00,https://arxiv.org/abs/2601.10629v2,arxiv,pdf,https://arxiv.org/pdf/2601.10629v2,eess.AS,,2601.10629v2
arxiv:2603.28086v1,MOSS-VoiceGenerator: Create Realistic Voices with Natural Language Descriptions,"Voice design from natural language aims to generate speaker timbres directly from free-form textual descriptions, allowing users to create voices tailored to specific roles, personalities, and emotions. Such controllable voice creation benefits a wide range of downstream applications-including storytelling, game dubbing, role-play agents, and conversational assistants, making it a significant task for modern Text-to-Speech models. However, existing models are largely trained on carefully recorded studio data, which produces speech that is clean and well-articulated, yet lacks the lived-in qualities of real human voices. To address these limitations, we present MOSS-VoiceGenerator, an open-source instruction-driven voice generation model that creates new timbres directly from natural language prompts. Motivated by the hypothesis that exposure to real-world acoustic variation produces more perceptually natural voices, we train on large-scale expressive speech data sourced from cinematic content. Subjective preference studies demonstrate its superiority in overall performance, instruction-following, and naturalness compared to other voice design models.",Kexin Huang|Liwei Fan|Botian Jiang|Yaozhou Jiang|Qian Tu|Jie Zhu|Yuqian Zhang|Yiwei Zhao|Chenchen Yang|Zhaoye Fei|Shimin Li|Xiaogui Yang|Qinyuan Cheng|Xipeng Qiu,2026-03-30T06:40:59+00:00,https://arxiv.org/abs/2603.28086v1,arxiv,pdf,https://arxiv.org/pdf/2603.28086v1,cs.AI|cs.CL|cs.SD,,2603.28086v1
arxiv:2604.08363v1,CapTalk: Unified Voice Design for Single-Utterance and Dialogue Speech Generation,"Voice design from natural language descriptions is emerging as a new task in text-to-speech multimodal generation, aiming to synthesize speech with target timbre and speaking style without relying on reference audio. However, existing methods mainly focus on single-utterance generation, leaving conversational voice design largely unexplored. In this work, we extend voice design to dialogue, enabling better target speaker modeling and turn-level expressive control in natural conversational settings. We propose CapTalk, a unified caption-conditioned text-audio autoregressive framework for both single-utterance and dialogue voice design. CapTalk uses utterance-level captions for single-utterance voice design and speaker-level captions for dialogue speaker modeling, and further introduces a CoT control sequence in dialogue to explicitly plan turn-level dynamic attributes. To resolve the conflict between stable timbre preservation and context-adaptive expression, we propose a hierarchical variational conditioning module with an utterance-level speaker encoder to better balance stable timbre preservation and context-adaptive expression. This enables timbre reuse while keeping expression adaptive to the current utterance and, in dialogue, the surrounding context. We also build a comprehensive evaluation protocol for both single-utterance and dialogue settings. Experiments show that CapTalk achieves state-of-the-art performance on a single-utterance voice design benchmark and delivers better expression controllability and contextual appropriateness in multi-turn dialogue. Audio samples are available at: https://anonymous.4open.science/api/repo/Captalk-D601/file/index.html.",Xiaosu Su|Zihan Sun|Peilei Jia|Jun Gao,2026-04-09T15:27:22+00:00,https://arxiv.org/abs/2604.08363v1,arxiv,pdf,https://arxiv.org/pdf/2604.08363v1,cs.SD,,2604.08363v1
arxiv:2606.06928v1,VoxCPM2 Technical Report,"We present VoxCPM2, a https://info.arxiv.org/help/prep#abstractsfully open-source multilingual and controllable speech generation foundation model that extends the hierarchical diffusion-autoregressive modeling paradigm of VoxCPM. VoxCPM2 advances the framework in three key dimensions: (i) capability, by unifying 30 languages, 9 Chinese dialects, natural-language voice design, style-controllable voice cloning, and high-fidelity continuation cloning within a single backbone; (ii) quality, through an asymmetric AudioVAE that encodes at 16 kHz and reconstructs at 48 kHz, enabling implicit super-resolution with high encoding efficiency; and (iii) scale, by jointly scaling the model to 2B parameters and the training data to over 2 million hours of multilingual speech. To support these diverse capabilities within one model, we introduce a unified sequence organization that expresses all generation modes through different arrangements of the same input building blocks, allowing joint training under a single set of parameters and objective. VoxCPM2 achieves state-of-the-art or competitive performance on public zero-shot and instruction-following TTS benchmarks. On our internal 30-language evaluation set, it attains an average WER of 1.68%. These results demonstrate that hierarchical continuous-latent modeling, without relying on any external discrete speech tokenizer, offers a viable and powerful foundation for large-scale multilingual and controllable speech generation. The model weights, fine-tuning code, and inference tools are publicly released under the Apache 2.0 license to foster community research and development.",Yixuan Zhou|Guoyang Zeng|Xin Liu|Xiang Li|Renjie Yu|Jiancheng Gui|Jiaheng Wu|Ziyang Wang|Xudong Shen|Runchuan Ye|Zhisheng Zhang|Jiuyang Zhou|Bingsong Bai|Weiyue Sun|Mengyuan Deng|Qundong Shi|Zhiyong Wu|Zhiyuan Liu,2026-06-05T05:43:15+00:00,https://arxiv.org/abs/2606.06928v1,arxiv,pdf,https://arxiv.org/pdf/2606.06928v1,cs.SD|eess.AS,,2606.06928v1
arxiv:2606.07397v1,"Audio-Oscar: A Multi-Agent System for Complex Audio Scene Generation, Orchestration, and Refinement","In recent years, audio generation has made significant progress in tasks such as text-to-speech (TTS), text-to-audio (TTA) and text-to-music (TTM). However, generating long-form and controllable audio from complex audio scene descriptions remains a significant challenge, as such scenes often require coordinated speech, sound effects, music, songs, temporal structure, and post-production. In this work, we introduce \textbf{Audio-Oscar}, a multi-agent framework for generating audio from complex descriptions. Audio-Oscar coordinates a set of specialist agents, each responsible for a different aspect of the audio scene, including character modeling and voice design, speech generation, fine-grained timeline planning, model selection, non-speech generation, and audio post-production. Audio-Oscar further incorporates feedback-driven refinement. In addition, to address the lack of suitable benchmarks for evaluating audio generation from complex audio scene descriptions, we construct \textbf{ASG-Bench}, an Audio Scene Generation Benchmark containing both scene descriptions paired with reference audio and text-only scene descriptions. Each scene is annotated with target audio events and temporal statements to evaluate whether the generated audio faithfully realizes the required scene content and temporal structure. Experimental results show that Audio-Oscar can effectively generate audio that matches complex scene descriptions. Project samples are available at https://audiooscar.github.io/. Our code is available at https://github.com/ziye26/Audio-Oscar.",Yifan Duan|Qixiang Xu|Hengtao Wu|Zhanxun Liu|Wenhao Guan|Junxi Liu|Ziyang Ma|Kelu Xu|Xie Chen,2026-06-05T15:38:08+00:00,https://arxiv.org/abs/2606.07397v1,arxiv,pdf,https://arxiv.org/pdf/2606.07397v1,cs.SD,,2606.07397v1
arxiv:2607.03985v1,NouveauVoice: Generating Novel Pseudo Speakers for Voice Anonymization,"Advanced neural technologies in speech synthesis and voice conversion (VC) have introduced severe risks to personal privacy, necessitating robust Speaker Anonymization Systems (SAS). Existing SAS approaches modify voice characteristics in the hand-crafted feature space or speaker embedding space, often struggling to provide sufficient identity variance across generated voices. In this paper, we propose NouveauVoice, a novel pseudo-speaker generation framework based on a Hierarchical Deep Variational Autoencoder (NVAE). Integrated as a standalone plug-in module on top of state-of-the-art architectures (FACodec and CosyVoice2), our approach leverages tractable sampling and the Evidence Lower Bound (ELBO) objective to synthesize highly expressive pseudo-speaker embeddings with significantly enhanced speaker diversity. Evaluating our framework under a protocol similar to the VoicePrivacy Challenge alongside Maximum Mean Discrepancy (MMD) analysis, we demonstrate that NouveauVoice achieves strong identity concealment, yielding an Equal Error Rate (EER) exceeding 38% against an automatic speaker verification attacker model. Our system shows a reasonable trade-off between strict anonymity, rich pseudo-speaker diversity, and downstream speech utility, such as intelligibility and emotional expressiveness.",Meiying Melissa Chen|Anastasia Kuznetsova|Zhenyu Wang|Zhiyao Duan,2026-07-04T19:05:37+00:00,https://arxiv.org/abs/2607.03985v1,arxiv,pdf,https://arxiv.org/pdf/2607.03985v1,cs.AI|eess.AS,,2607.03985v1
arxiv:2608.13613v1,VoiceDesigner: Text-to-Voice Generation and Editing via Unified Diffusion Modeling and Data Augmentation,"Recent breakthroughs in generative models have made text-to-voice generation (TTV) possible, enabling the synthesis of speech directly from textual voice descriptions. However, existing systems face two key challenges. First, they struggle to generate a diverse range of voices, spanning real-world human speakers and fictional characters. Second, they lack robust and flexible voice editing capabilities, such as voice cloning and the ability to modify attributes like emotion and tone. In this paper, we propose VoiceDesigner, a unified framework for text-to-voice generation and editing that supports diverse and controllable voice design. To tackle the above challenges, we propose solutions from two perspectives. First, we develop a hybrid data pipeline that leverages digital signal processing techniques and speech generation models to construct a diverse voice dataset covering both real-world and fictional voices. Second, we introduce a diffusion transformer with architectural improvements to better handle complex conditioning and enhance multi-task performance, enabling unified voice generation and editing. Through subjective and objective evaluations, VoiceDesigner achieves superior prompt alignment with both voice descriptions and editing instructions, while maintaining competitive perceptual quality and voice usability compared to state-of-the-art TTV models.",Jiarui Hai|Karan Thakkar|Ke Chen|Yunyun Wang|Jiaqi Su|Rithesh Kumar|Mounya Elhilali|Zeyu Jin,2026-08-12T18:04:18+00:00,https://arxiv.org/abs/2608.13613v1,arxiv,pdf,https://arxiv.org/pdf/2608.13613v1,cs.LG|eess.AS,,2608.13613v1
arxiv:2608.17492v2,FireRedTTS3: Unified Speech Generation and Editing with Semantically Enriched Speech Representations,"Recent continuous autoregressive TTS models operate directly on continuous speech representations, preserving rich acoustic details while leveraging the instruction-following capabilities of text LLMs. This paradigm opens new possibilities for voice cloning, instruction-controlled voice design, and speech editing, but remains susceptible to error accumulation during autoregressive generation. Existing solutions often require additional semantic modules, multi-stage tokenizer training pipelines, or complex autoregressive architectures. In this work, we propose FireRedTTS3, a simple yet effective speech generation and editing framework that mitigates error accumulation at the representation level. Specifically, we leverage a frozen Audio Encoder trained on diverse speech understanding tasks as a semantic teacher to regularize the audio feature space. This improves text-speech alignment and stabilizes autoregressive generation while keeping the overall system simple. FireRedTTS3 provides two variants: FireRedTTS3-Base for multilingual and multi-dialect zero-shot voice cloning, and FireRedTTS3-Instruct for unified voice cloning, instruction-controlled voice design, and speech editing. Experiments show that FireRedTTS3-Base achieves the best average speech intelligibility and speaker similarity among compared systems on Seed-TTS-Eval and MiniMax-MLS-Test, while FireRedTTS3-Instruct outperforms competing systems on InstructTTSEval and Ming-Freeform-Audio-Edit. These results demonstrate that semantically enriched continuous speech representations, combined with a simple architecture, enable stable, controllable, and high-fidelity speech generation and editing. Code and models are available at https://github.com/FireRedTeam/FireRedTTS3.",Feiyu Shen|Kun Xie|Yichen Wu|Ziqi Dai|Yichen Han|Junjie Li|Xuelong Geng|Fenglong Xie|Lei Xie|Xu Tang|Yao Hu,2026-08-18T08:19:46+00:00,https://arxiv.org/abs/2608.17492v2,arxiv,pdf,https://arxiv.org/pdf/2608.17492v2,cs.SD,,2608.17492v2
arxiv:2609.12945v1,StepAudio 3 Gen Technical Report,"We introduce StepAudio 3 Gen, a general-purpose audio generation model that supports zero-shot text-to-speech (TTS), voice design, vocal generation, sound effects, music, vibe speech, and mixtures of multiple audio types within a unified framework. At its core, StepAudio 3 Gen is a discrete autoregressive generator that models audio directly over residual vector quantization (RVQ) tokens, departing from the diffusion Transformer-based continuous generation paradigm prevalent in recent general audio models. Its StepAudio Tokenizer represents general audio at 12.5 Hz in a shared $16 \times 2048$ residual code space, jointly quantizing semantic and waveform-level acoustic features so that each code layer preserves both types of information. For generation, the backbone predicts the first codebook along the time axis using autoregressive modeling, while a lightweight causal Transformer completes the remaining fifteen codebooks along the codebook axis. Our study further identifies three key design principles: (1) interference-aware progressive pretraining for acquiring audio capabilities while preserving the textual abilities of the large language model, (2) RVQ Adaptor for effectively incorporating multi-codebook acoustic representations, and (3) discrete autoregressive modeling over a shared representation across general audio domains. With progressive pretraining, multi-task instruction training, and supervised fine-tuning, StepAudio 3 Gen achieves state-of-the-art performance on both TTS and voice design, while retaining strong generation capabilities across speech, vocals, sound effects, and music. Audio samples are available at https://stepaudiollm.github.io/step-audio-3-gen/.",Bin Lin|Bo Zhao|Boyang Wang|Boyang Zhang|Boyong Wu|Chao Yan|Chen Geng|Chen Wu|Cheng Yi|Chengli Feng|Chenglin Zhu|DanNi Wan|Daxin Jiang|Dongqing Pang|Fei Tian|Feng Tian|Future Li|Gang Yu|Guanglong Yang|Jia Peng|Jiahao Song|Jiamin Fan|Jiangjie Zhen|Jianzheng Gao|Jun Chen|Li Xie|Lifang Zhang|Lingli Ji|Liying Shi|Lun Cai|Min Xu|Na Wang|Peilin Li|Peng Yang|Pengfei Tan|Qingjian Lin|Ruijie Xiong|Runze Li|Shenghua Hu|Shi Qiu|Siqi Tu|Siyi Zhou|Tianjiao Deng|Wanying Lu|Weiming Niu|Wen Sun|WenWen Qu|Xiangyu Zhang|Xianwei Zhang|XiaoSu Su|Xing Chen|Xinyu Liu|Xuerui Yang|Yang Li|Yang Yang|Yechang Huang|Yibo Zhu|Yifan Zhang|Yiyang Xu|Yu Fu|Yu Luo|Yu Zhou|Yumang Wang|Yunzhou Ju|Yuxiang Yang|Zekai Liu|Zengwei Yao|Zhenwei Mou|Zheqi Dai|Zhiyue Wu|Zichao Zhou,2026-09-11T15:05:20+00:00,https://arxiv.org/abs/2609.12945v1,arxiv,pdf,https://arxiv.org/pdf/2609.12945v1,cs.SD|eess.AS,,2609.12945v1
